,time,open,high,low,close,vol
0,2021-02-28 16:40:00,43743.88,43766.58,43720.54,43725.84,36.32829413
1,2021-02-28 16:41:00,43733.02,43791.03,43728.36,43745.88,28.25826688
2,2021-02-28 16:42:00,43742.85,43813.27,43740.28,43812.79,22.48428696
3,2021-02-28 16:43:00,43809.83,43834.04,43784.94,43803.36,14.38016965
4,2021-02-28 16:44:00,43803.36,43804.57,43700.0,43705.21,18.04453042
5,2021-02-28 16:45:00,43705.2,43810.16,43705.2,43727.28,11.17366806
6,2021-02-28 16:46:00,43727.28,43741.52,43650.44,43655.0,14.88945728
7,2021-02-28 16:47:00,43654.91,43657.76,43569.4,43579.94,11.75218631
8,2021-02-28 16:48:00,43577.95,43647.68,43569.93,43626.01,9.46722277
9,2021-02-28 16:49:00,43626.02,43746.74,43620.65,43742.2,14.60990666
10,2021-02-28 16:50:00,43746.75,43791.87,43735.99,43764.98,26.7767572
11,2021-02-28 16:51:00,43758.3,43764.98,43699.55,43700.31,12.04105031
12,2021-02-28 16:52:00,43700.31,43747.5,43672.27,43708.86,11.28140634
13,2021-02-28 16:53:00,43708.86,43716.28,43690.31,43708.34,10.86837573
14,2021-02-28 16:54:00,43710.37,43726.71,43694.0,43713.07,7.7211523
15,2021-02-28 16:55:00,43713.07,43713.07,43601.87,43601.87,12.78511962
16,2021-02-28 16:56:00,43617.86,43679.48,43596.98,43641.51,17.03444945
17,2021-02-28 16:57:00,43633.36,43642.24,43620.22,43626.61,9.81090635
18,2021-02-28 16:58:00,43626.37,43650.0,43564.53,43642.77,11.96355214
19,2021-02-28 16:59:00,43638.15,43650.0,43576.24,43587.83,13.4902437
20,2021-02-28 17:00:00,43587.83,43587.83,43500.0,43569.74,13.68547698
21,2021-02-28 17:01:00,43569.74,43673.95,43533.24,43539.69,24.24453581
22,2021-02-28 17:02:00,43532.17,43538.47,43387.14,43419.13,44.47120788
23,2021-02-28 17:03:00,43411.81,43421.13,43330.0,43352.29,29.16121849
24,2021-02-28 17:04:00,43350.01,43420.0,43318.69,43386.11,14.20317219
25,2021-02-28 17:05:00,43407.54,43483.03,43352.0,43426.0,31.90312246
26,2021-02-28 17:06:00,43424.65,43464.43,43367.32,43389.0,16.38780409
27,2021-02-28 17:07:00,43391.3,43448.26,43391.3,43427.03,4.00835731
28,2021-02-28 17:08:00,43423.81,43460.55,43375.19,43454.61,10.10564525
29,2021-02-28 17:09:00,43455.19,43456.29,43400.0,43415.91,12.29881711
30,2021-02-28 17:10:00,43418.18,43460.65,43413.41,43458.94,11.59721691
31,2021-02-28 17:11:00,43459.55,43523.73,43454.21,43515.68,24.9289711
32,2021-02-28 17:12:00,43515.67,43700.0,43503.22,43700.0,19.29760921
33,2021-02-28 17:13:00,43699.99,43770.62,43636.25,43704.2,16.19609843
34,2021-02-28 17:14:00,43705.69,43711.37,43633.59,43660.63,14.74628758
35,2021-02-28 17:15:00,43660.63,43808.55,43650.42,43767.34,19.39230486
36,2021-02-28 17:16:00,43767.82,43853.32,43700.56,43853.32,17.21087018
37,2021-02-28 17:17:00,43833.86,43989.0,43782.51,43977.24,35.25114289
38,2021-02-28 17:18:00,43976.7,43976.7,43832.53,43852.62,22.85230018
39,2021-02-28 17:19:00,43852.62,43925.0,43802.19,43820.61,6.4061831
40,2021-02-28 17:20:00,43820.6,43899.6,43788.87,43817.95,6.87437119
41,2021-02-28 17:21:00,43813.15,43863.71,43790.15,43815.0,12.69312347
42,2021-02-28 17:22:00,43815.0,43856.76,43809.03,43844.3,9.45520684
43,2021-02-28 17:23:00,43844.3,43855.0,43776.37,43795.37,7.31485955
44,2021-02-28 17:24:00,43795.37,43808.36,43745.1,43807.79,12.01825004
45,2021-02-28 17:25:00,43807.67,43817.52,43752.76,43812.28,9.85928871
46,2021-02-28 17:26:00,43812.28,43816.13,43728.27,43738.47,14.6394355
47,2021-02-28 17:27:00,43738.47,43797.18,43728.29,43729.19,7.44201293
48,2021-02-28 17:28:00,43729.18,43729.18,43634.49,43646.15,27.77894623
49,2021-02-28 17:29:00,43646.16,43646.8,43543.68,43595.84,26.48668486
50,2021-02-28 17:30:00,43598.45,43602.35,43489.96,43523.37,27.36840841
51,2021-02-28 17:31:00,43522.85,43530.72,43481.17,43525.02,10.68837074
52,2021-02-28 17:32:00,43519.55,43636.96,43477.68,43492.2,24.67222996
53,2021-02-28 17:33:00,43492.21,43492.21,43423.64,43474.48,15.59596145
54,2021-02-28 17:34:00,43461.54,43483.46,43425.43,43444.69,9.71470082
55,2021-02-28 17:35:00,43444.05,43551.17,43441.66,43464.89,27.2235605
56,2021-02-28 17:36:00,43465.5,43551.02,43453.75,43527.53,13.00647906
57,2021-02-28 17:37:00,43527.54,43540.24,43456.7,43466.65,24.68366419
58,2021-02-28 17:38:00,43465.96,43499.69,43427.3,43497.36,14.1625766
59,2021-02-28 17:39:00,43499.69,43553.64,43499.69,43527.53,6.2673712
60,2021-02-28 17:40:00,43528.1,43548.44,43470.11,43474.73,6.75484291
61,2021-02-28 17:41:00,43474.46,43532.63,43474.44,43500.01,14.20861802
62,2021-02-28 17:42:00,43495.44,43500.2,43454.12,43462.03,15.0739164
63,2021-02-28 17:43:00,43461.69,43506.19,43431.15,43497.22,10.80815642
64,2021-02-28 17:44:00,43496.84,43588.36,43493.57,43564.93,20.91213092
65,2021-02-28 17:45:00,43563.07,43680.39,43556.55,43680.39,10.05383716
66,2021-02-28 17:46:00,43680.39,43680.45,43614.56,43645.86,5.95042837
67,2021-02-28 17:47:00,43645.85,43663.35,43493.42,43514.09,14.88216899
68,2021-02-28 17:48:00,43509.92,43551.99,43411.75,43439.34,20.71182317
69,2021-02-28 17:49:00,43430.5,43481.91,43381.85,43440.74,12.07779357
70,2021-02-28 17:50:00,43426.85,43553.15,43425.99,43498.5,15.53645148
71,2021-02-28 17:51:00,43487.4,43487.4,43382.53,43396.69,6.81500415
72,2021-02-28 17:52:00,43392.57,43419.95,43311.11,43321.62,15.60288085
73,2021-02-28 17:53:00,43318.61,43384.41,43312.21,43380.92,7.87143379
74,2021-02-28 17:54:00,43371.09,43379.13,43249.05,43309.01,20.08642932
75,2021-02-28 17:55:00,43309.41,43359.79,43265.49,43300.0,25.99870499
76,2021-02-28 17:56:00,43300.0,43393.41,43269.68,43284.58,14.53791924
77,2021-02-28 17:57:00,43294.23,43308.6,43269.68,43269.69,8.9246386
78,2021-02-28 17:58:00,43269.69,43278.73,43131.97,43166.13,45.34896754
79,2021-02-28 17:59:00,43172.35,43234.89,43161.68,43170.01,17.82931907
80,2021-02-28 18:00:00,43170.01,43202.73,43115.2,43202.73,26.12294945
81,2021-02-28 18:01:00,43202.73,43289.78,43199.57,43282.84,16.32826443
82,2021-02-28 18:02:00,43277.52,43300.0,43219.94,43267.28,16.30199251
83,2021-02-28 18:03:00,43273.46,43377.0,43273.46,43377.0,41.60506857
84,2021-02-28 18:04:00,43377.0,43421.23,43330.48,43330.48,21.10849012
85,2021-02-28 18:05:00,43333.48,43401.0,43333.48,43400.99,6.16238487
86,2021-02-28 18:06:00,43401.0,43481.61,43334.24,43334.24,35.42173073
87,2021-02-28 18:07:00,43322.95,43525.76,43322.95,43488.7,18.42388488
88,2021-02-28 18:08:00,43488.7,43515.0,43431.79,43439.91,16.99744581
89,2021-02-28 18:09:00,43433.93,43493.97,43372.31,43452.97,39.90556596
90,2021-02-28 18:10:00,43452.97,43528.76,43439.25,43519.56,31.00711613
91,2021-02-28 18:11:00,43519.64,43550.0,43479.53,43550.0,14.48464309
92,2021-02-28 18:12:00,43550.0,43573.35,43481.71,43506.32,15.10829362
93,2021-02-28 18:13:00,43500.0,43505.24,43451.03,43467.85,12.08218621
94,2021-02-28 18:14:00,43466.09,43540.85,43466.09,43533.78,8.14495182
95,2021-02-28 18:15:00,43535.8,43540.22,43409.22,43459.41,20.37295459
96,2021-02-28 18:16:00,43461.6,43504.57,43405.0,43410.24,4.98676885
97,2021-02-28 18:17:00,43406.81,43467.04,43358.91,43467.04,5.61556851
98,2021-02-28 18:18:00,43467.07,43495.46,43437.51,43438.07,13.96796232
99,2021-02-28 18:19:00,43437.51,43437.52,43271.59,43367.81,29.00222896
100,2021-02-28 18:20:00,43374.71,43475.43,43366.24,43475.42,8.45911666
101,2021-02-28 18:21:00,43475.43,43568.96,43473.28,43521.82,16.47566413
102,2021-02-28 18:22:00,43521.82,43569.49,43519.96,43533.61,5.63478013
103,2021-02-28 18:23:00,43533.61,43562.58,43465.0,43484.46,7.32364122
104,2021-02-28 18:24:00,43481.22,43512.74,43427.49,43511.28,16.40092654
105,2021-02-28 18:25:00,43501.34,43624.99,43500.97,43572.0,21.57978369
106,2021-02-28 18:26:00,43584.27,43620.9,43560.74,43588.91,7.9437784
107,2021-02-28 18:27:00,43580.44,43650.0,43576.41,43609.51,7.0179068
108,2021-02-28 18:28:00,43613.3,43613.3,43569.69,43604.76,8.95517146
109,2021-02-28 18:29:00,43604.77,43642.22,43604.76,43630.81,6.52474314
110,2021-02-28 18:30:00,43630.82,43667.96,43620.03,43641.53,20.05336062
111,2021-02-28 18:31:00,43641.54,43646.11,43592.46,43621.9,10.61160209
112,2021-02-28 18:32:00,43624.03,43688.0,43624.03,43632.14,11.22689948
113,2021-02-28 18:33:00,43633.53,43638.65,43543.69,43552.18,15.22497285
114,2021-02-28 18:34:00,43544.56,43601.41,43523.44,43571.62,17.09681991
115,2021-02-28 18:35:00,43571.62,43588.17,43544.86,43560.0,8.54664472
116,2021-02-28 18:36:00,43560.0,43602.18,43548.17,43599.99,7.03336845
117,2021-02-28 18:37:00,43599.99,43600.0,43101.0,43463.27,124.815242
118,2021-02-28 18:38:00,43463.27,43474.64,43332.12,43377.19,24.03133298
119,2021-02-28 18:39:00,43377.19,43439.85,43377.19,43389.46,11.52535979
120,2021-02-28 18:40:00,43382.79,43442.74,43382.79,43416.96,8.69694963
121,2021-02-28 18:41:00,43422.63,43495.69,43415.03,43495.69,13.47356685
122,2021-02-28 18:42:00,43494.66,43508.88,43447.29,43508.88,9.15706651
123,2021-02-28 18:43:00,43508.88,43525.0,43473.08,43510.31,13.31807695
124,2021-02-28 18:44:00,43512.48,43550.0,43504.78,43550.0,6.72015849
125,2021-02-28 18:45:00,43549.99,43600.0,43539.24,43600.0,21.36592565
126,2021-02-28 18:46:00,43600.0,43600.0,43562.28,43585.59,8.62081544
127,2021-02-28 18:47:00,43580.9,43613.41,43524.99,43587.08,27.53557707
128,2021-02-28 18:48:00,43587.08,43589.1,43564.72,43574.0,4.8553087
129,2021-02-28 18:49:00,43574.0,43688.0,43573.99,43679.81,21.01841104
130,2021-02-28 18:50:00,43671.8,43764.37,43671.35,43720.87,15.52261971
131,2021-02-28 18:51:00,43725.47,43725.47,43655.2,43670.12,8.58733509
132,2021-02-28 18:52:00,43679.57,43762.06,43665.91,43738.62,5.01462753
133,2021-02-28 18:53:00,43738.34,43777.0,43738.34,43775.43,9.10908
134,2021-02-28 18:54:00,43775.25,43775.25,43721.12,43751.22,7.89805051
135,2021-02-28 18:55:00,43748.04,43828.81,43727.94,43752.2,22.43818193
136,2021-02-28 18:56:00,43752.21,43758.72,43730.01,43745.49,9.54531921
137,2021-02-28 18:57:00,43745.5,43750.0,43694.38,43728.18,9.40880114
138,2021-02-28 18:58:00,43733.89,43741.27,43683.37,43689.43,4.66834988
139,2021-02-28 18:59:00,43689.43,43735.47,43689.42,43734.66,6.31716864
140,2021-02-28 19:00:00,43734.16,43849.1,43727.18,43842.8,13.20816398
141,2021-02-28 19:01:00,43845.32,43845.32,43787.24,43808.85,16.24005983
142,2021-02-28 19:02:00,43808.85,43808.85,43762.11,43762.44,4.64515464
143,2021-02-28 19:03:00,43775.48,43800.0,43766.05,43795.41,12.18633405
144,2021-02-28 19:04:00,43795.41,43850.0,43795.4,43810.41,10.24360717
145,2021-02-28 19:05:00,43810.4,43854.69,43810.4,43851.99,16.7317441
146,2021-02-28 19:06:00,43851.99,43851.99,43764.36,43800.01,31.80976035
147,2021-02-28 19:07:00,43800.01,43836.94,43793.05,43827.95,4.58240296
148,2021-02-28 19:08:00,43828.13,43830.86,43774.01,43781.14,15.53527471
149,2021-02-28 19:09:00,43778.83,43778.83,43748.27,43763.12,7.37866258
150,2021-02-28 19:10:00,43763.12,43828.06,43762.82,43781.76,9.318736
151,2021-02-28 19:11:00,43775.45,43805.54,43765.0,43792.85,7.54216876
152,2021-02-28 19:12:00,43793.0,43817.97,43770.1,43771.13,6.7199972
153,2021-02-28 19:13:00,43772.2,43778.63,43705.4,43719.73,12.25205851
154,2021-02-28 19:14:00,43719.76,43763.1,43719.76,43751.2,4.74758238
155,2021-02-28 19:15:00,43751.2,43805.95,43747.49,43786.69,6.29113133
156,2021-02-28 19:16:00,43786.69,43802.97,43733.63,43733.64,12.03789006
157,2021-02-28 19:17:00,43733.64,43748.11,43714.49,43748.06,5.60983473
158,2021-02-28 19:18:00,43748.06,43750.0,43635.45,43657.83,8.37452267
159,2021-02-28 19:19:00,43663.28,43691.37,43635.49,43663.96,12.08100414
160,2021-02-28 19:20:00,43663.58,43786.18,43655.77,43741.61,20.38454715
161,2021-02-28 19:21:00,43734.23,43767.81,43732.64,43745.55,6.16306277
162,2021-02-28 19:22:00,43743.82,43793.16,43684.0,43788.61,61.78677793
163,2021-02-28 19:23:00,43763.65,43767.55,43648.16,43698.03,12.72920373
164,2021-02-28 19:24:00,43698.02,43711.21,43579.77,43588.83,13.80208257
165,2021-02-28 19:25:00,43592.45,43632.04,43558.82,43562.22,10.1046552
166,2021-02-28 19:26:00,43558.9,43649.56,43556.03,43631.56,6.50535584
167,2021-02-28 19:27:00,43632.31,43671.22,43528.0,43573.6,15.71589934
168,2021-02-28 19:28:00,43568.61,43579.83,43511.73,43530.0,9.09204875
169,2021-02-28 19:29:00,43529.98,43590.07,43528.43,43584.82,44.23387766
170,2021-02-28 19:30:00,43582.63,43667.3,43576.0,43667.3,12.67239709
171,2021-02-28 19:31:00,43667.31,43753.47,43667.31,43730.67,15.4644531
172,2021-02-28 19:32:00,43736.15,43754.69,43723.9,43733.72,7.18094021
173,2021-02-28 19:33:00,43733.72,43773.39,43700.02,43769.73,7.2106584
174,2021-02-28 19:34:00,43773.39,43818.49,43772.61,43782.79,13.20945523
175,2021-02-28 19:35:00,43781.58,43830.0,43781.58,43814.22,7.72760492
176,2021-02-28 19:36:00,43814.21,43825.08,43809.01,43824.5,5.89171788
177,2021-02-28 19:37:00,43824.5,43836.92,43788.63,43821.88,17.55611695
178,2021-02-28 19:38:00,43822.49,43833.25,43806.8,43816.49,6.49199505
179,2021-02-28 19:39:00,43822.49,43838.41,43750.31,43752.4,16.82883447
180,2021-02-28 19:40:00,43752.39,43790.96,43750.0,43790.96,7.67898863
181,2021-02-28 19:41:00,43791.23,43798.31,43771.18,43783.56,7.66600477
182,2021-02-28 19:42:00,43783.29,43797.12,43783.29,43791.94,3.37523778
183,2021-02-28 19:43:00,43791.95,43836.85,43791.14,43822.5,7.49128566
184,2021-02-28 19:44:00,43822.5,43838.77,43803.25,43838.76,8.59475534
185,2021-02-28 19:45:00,43838.77,43940.48,43827.17,43927.29,18.62213715
186,2021-02-28 19:46:00,43927.29,43972.14,43874.03,43972.14,18.09792001
187,2021-02-28 19:47:00,43972.14,44223.77,43961.56,44214.21,54.56555355
188,2021-02-28 19:48:00,44214.21,44245.0,44157.45,44244.7,37.97642988
189,2021-02-28 19:49:00,44245.0,44245.0,44143.55,44173.41,36.20352579
190,2021-02-28 19:50:00,44158.98,44176.95,44120.16,44151.34,15.36738381
191,2021-02-28 19:51:00,44151.35,44250.0,44128.89,44230.9,42.02421929
192,2021-02-28 19:52:00,44227.09,44344.34,44226.16,44306.74,29.77359781
193,2021-02-28 19:53:00,44300.4,44435.47,44300.0,44435.46,31.47460077
194,2021-02-28 19:54:00,44435.47,44436.43,44271.58,44366.49,34.97856174
195,2021-02-28 19:55:00,44366.91,44444.0,44315.13,44373.59,23.37778945
196,2021-02-28 19:56:00,44377.76,44566.75,44370.72,44565.69,39.35759083
197,2021-02-28 19:57:00,44564.63,44596.0,44502.9,44515.43,18.30731585
198,2021-02-28 19:58:00,44508.88,44508.88,44420.32,44460.98,24.5407785
199,2021-02-28 19:59:00,44460.99,44564.33,44460.99,44511.0,15.11592226
200,2021-02-28 20:00:00,44508.55,44610.0,44500.33,44610.0,23.86147474
201,2021-02-28 20:01:00,44609.62,44653.19,44503.0,44505.49,27.41630645
202,2021-02-28 20:02:00,44510.07,44558.32,44506.04,44548.9,15.47077362
203,2021-02-28 20:03:00,44534.14,44550.72,44439.61,44453.62,27.26246691
204,2021-02-28 20:04:00,44463.95,44470.9,44368.41,44431.79,27.61118125
205,2021-02-28 20:05:00,44431.8,44495.93,44431.79,44476.07,20.34945269
206,2021-02-28 20:06:00,44476.06,44496.52,44472.09,44480.62,11.7244856
207,2021-02-28 20:07:00,44480.69,44498.24,44438.8,44495.23,13.38901019
208,2021-02-28 20:08:00,44497.76,44553.19,44484.04,44552.26,7.82581579
209,2021-02-28 20:09:00,44552.26,44559.14,44512.49,44515.01,8.4827647
210,2021-02-28 20:10:00,44515.02,44515.84,44438.8,44458.3,9.18780444
211,2021-02-28 20:11:00,44458.3,44536.94,44450.07,44530.84,11.21026951
212,2021-02-28 20:12:00,44532.47,44544.08,44470.98,44474.59,8.52418135
213,2021-02-28 20:13:00,44474.59,44474.6,44424.78,44425.93,13.81821742
214,2021-02-28 20:14:00,44425.93,44466.9,44348.21,44399.0,24.19953533
215,2021-02-28 20:15:00,44399.0,44493.28,44398.99,44445.47,14.56663788
216,2021-02-28 20:16:00,44445.47,44463.84,44424.44,44431.16,11.7431001
217,2021-02-28 20:17:00,44427.61,44437.43,44406.96,44418.56,9.15147938
218,2021-02-28 20:18:00,44418.33,44418.44,44384.15,44387.32,11.58362628
219,2021-02-28 20:19:00,44390.04,44402.52,44220.0,44230.68,24.71117888
220,2021-02-28 20:20:00,44230.67,44362.19,44178.88,44346.44,22.96666494
221,2021-02-28 20:21:00,44348.5,44529.42,44319.9,44502.6,37.54567524
222,2021-02-28 20:22:00,44502.13,44536.29,44456.75,44465.86,26.65050197
223,2021-02-28 20:23:00,44466.23,44500.0,44392.63,44473.27,12.39041682
224,2021-02-28 20:24:00,44470.08,44474.63,44417.19,44433.83,7.64254526
225,2021-02-28 20:25:00,44439.17,44447.59,44390.01,44424.36,12.50722872
226,2021-02-28 20:26:00,44424.91,44494.72,44375.01,44378.73,31.46145253
227,2021-02-28 20:27:00,44381.39,44381.39,44336.39,44349.2,6.67664458
228,2021-02-28 20:28:00,44349.2,44400.0,44304.93,44329.15,24.85684142
229,2021-02-28 20:29:00,44335.34,44381.8,44335.34,44349.37,13.43298072
230,2021-02-28 20:30:00,44349.38,44378.4,44333.24,44341.62,12.19250798
231,2021-02-28 20:31:00,44335.25,44360.0,44324.41,44327.63,17.51937313
232,2021-02-28 20:32:00,44327.63,44391.64,44305.8,44377.87,20.58948802
233,2021-02-28 20:33:00,44377.87,44386.95,44300.0,44306.94,5.33871049
234,2021-02-28 20:34:00,44306.55,44381.92,44303.51,44342.43,4.80027151
235,2021-02-28 20:35:00,44342.43,44361.18,44328.16,44339.48,8.11572762
236,2021-02-28 20:36:00,44339.49,44377.82,44321.52,44321.53,8.29904096
237,2021-02-28 20:37:00,44321.53,44329.24,44291.96,44298.48,6.458616
238,2021-02-28 20:38:00,44302.8,44363.03,44302.8,44363.03,3.30970245
239,2021-02-28 20:39:00,44360.96,44365.16,44302.81,44302.82,4.69137911
240,2021-02-28 20:40:00,44302.82,44302.83,44190.95,44233.19,22.2001086
241,2021-02-28 20:41:00,44230.03,44260.19,44230.03,44248.6,15.24664191
242,2021-02-28 20:42:00,44248.6,44314.31,44243.93,44290.59,8.53057993
243,2021-02-28 20:43:00,44290.59,44297.61,44255.77,44277.28,7.6434507
244,2021-02-28 20:44:00,44277.27,44280.0,44260.73,44279.99,7.84809473
245,2021-02-28 20:45:00,44280.0,44334.43,44280.0,44329.95,25.71849631
246,2021-02-28 20:46:00,44327.39,44381.91,44307.77,44381.47,7.2856051
247,2021-02-28 20:47:00,44381.47,44389.67,44325.27,44345.51,4.00141597
248,2021-02-28 20:48:00,44345.5,44376.5,44315.44,44375.73,3.46749186
249,2021-02-28 20:49:00,44376.5,44404.44,44359.52,44390.31,4.36769971
250,2021-02-28 20:50:00,44388.71,44400.49,44365.57,44400.17,2.74908162
251,2021-02-28 20:51:00,44399.39,44428.47,44399.39,44420.44,10.28643265
252,2021-02-28 20:52:00,44420.44,44430.09,44399.72,44430.09,13.3635999
253,2021-02-28 20:53:00,44430.09,44465.6,44424.0,44463.61,5.44833499
254,2021-02-28 20:54:00,44463.51,44486.24,44430.63,44430.63,12.05633961
255,2021-02-28 20:55:00,44430.63,44470.96,44430.63,44459.0,16.74622521
256,2021-02-28 20:56:00,44459.0,44856.04,44458.99,44854.3,51.10338121
257,2021-02-28 20:57:00,44854.31,44900.0,44772.88,44885.55,44.81602013
258,2021-02-28 20:58:00,44885.55,45063.46,44876.91,45042.39,56.06878813
259,2021-02-28 20:59:00,45032.21,45032.21,44961.41,44961.41,31.55524184
260,2021-02-28 21:00:00,44961.42,45100.0,44961.41,45083.54,58.3695143
261,2021-02-28 21:01:00,45083.99,45115.97,45049.01,45096.88,26.74666981
262,2021-02-28 21:02:00,45096.7,45096.7,45010.0,45062.85,33.60668891
263,2021-02-28 21:03:00,45063.3,45069.13,45000.0,45046.86,10.36088875
264,2021-02-28 21:04:00,45053.46,45064.12,45020.29,45035.44,15.16894935
265,2021-02-28 21:05:00,45035.44,45100.08,45035.44,45076.49,31.07503222
266,2021-02-28 21:06:00,45071.89,45420.0,45067.94,45355.32,90.6692281
267,2021-02-28 21:07:00,45366.89,45450.0,45333.53,45414.06,34.1439746
268,2021-02-28 21:08:00,45416.56,45468.1,45367.14,45428.74,60.02000931
269,2021-02-28 21:09:00,45428.74,45493.07,45315.98,45347.9,34.96738031
270,2021-02-28 21:10:00,45349.75,45448.39,45347.96,45349.65,18.84379441
271,2021-02-28 21:11:00,45336.35,45349.14,45201.32,45239.37,23.78849596
272,2021-02-28 21:12:00,45239.37,45312.0,45120.34,45275.2,19.23129664
273,2021-02-28 21:13:00,45275.2,45353.17,45264.86,45318.98,23.99556293
274,2021-02-28 21:14:00,45318.99,45408.52,45288.93,45296.61,22.90361264
275,2021-02-28 21:15:00,45286.28,45316.61,44988.65,45081.86,56.73517285
276,2021-02-28 21:16:00,45073.11,45173.72,45050.0,45126.51,6.74458296
277,2021-02-28 21:17:00,45121.44,45261.68,45100.41,45233.51,15.4399467
278,2021-02-28 21:18:00,45233.52,45233.52,45119.07,45169.45,14.62393018
279,2021-02-28 21:19:00,45168.36,45223.53,45121.49,45210.06,10.3097226
280,2021-02-28 21:20:00,45199.59,45218.24,45125.67,45160.78,18.66129113
281,2021-02-28 21:21:00,45158.98,45200.0,45152.52,45185.09,8.71954786
282,2021-02-28 21:22:00,45185.09,45216.93,45160.76,45216.92,10.77839544
283,2021-02-28 21:23:00,45216.92,45344.48,45216.92,45327.83,15.88785723
284,2021-02-28 21:24:00,45323.96,45327.83,45251.56,45272.14,13.20358163
285,2021-02-28 21:25:00,45272.14,45300.0,45200.24,45287.23,21.23466132
286,2021-02-28 21:26:00,45294.58,45294.58,45171.89,45203.84,15.70612743
287,2021-02-28 21:27:00,45203.84,45226.0,45175.41,45175.41,8.96702396
288,2021-02-28 21:28:00,45181.48,45274.98,45177.89,45194.32,9.06401951
289,2021-02-28 21:29:00,45206.17,45230.31,45125.0,45152.39,13.56822362
290,2021-02-28 21:30:00,45173.49,45262.81,45161.39,45233.56,11.97090918
291,2021-02-28 21:31:00,45233.56,45258.01,45175.22,45200.0,12.26275529
292,2021-02-28 21:32:00,45200.0,45256.59,45200.0,45254.09,10.23481414
293,2021-02-28 21:33:00,45254.09,45300.67,45233.27,45284.45,11.15033798
294,2021-02-28 21:34:00,45284.45,45353.56,45284.44,45334.03,18.79005779
295,2021-02-28 21:35:00,45335.0,45345.97,45288.42,45318.15,9.8056527
296,2021-02-28 21:36:00,45317.78,45425.12,45310.38,45400.0,19.23140948
297,2021-02-28 21:37:00,45376.21,45380.94,45236.25,45244.11,21.9254031
298,2021-02-28 21:38:00,45237.71,45339.97,45210.83,45312.91,13.54676642
299,2021-02-28 21:39:00,45312.91,45382.24,45303.56,45309.05,4.78676452
300,2021-02-28 21:40:00,45309.17,45361.31,45276.73,45361.31,10.16421169
301,2021-02-28 21:41:00,45361.31,45431.72,45352.71,45410.16,9.22068706
302,2021-02-28 21:42:00,45409.08,45440.72,45344.43,45357.64,11.01314206
303,2021-02-28 21:43:00,45357.64,45357.64,45315.7,45347.43,10.79354656
304,2021-02-28 21:44:00,45351.96,45414.51,45346.2,45410.78,17.48785792
305,2021-02-28 21:45:00,45410.78,45428.5,45332.31,45336.53,22.37479573
306,2021-02-28 21:46:00,45336.08,45356.67,45250.84,45270.55,18.68252408
307,2021-02-28 21:47:00,45272.71,45407.14,45239.76,45342.99,16.98622641
308,2021-02-28 21:48:00,45342.99,45414.46,45310.09,45310.09,10.14519406
309,2021-02-28 21:49:00,45306.9,45364.63,45300.2,45356.59,3.16396114
310,2021-02-28 21:50:00,45356.59,45398.66,45337.63,45352.26,8.64776205
311,2021-02-28 21:51:00,45352.32,45356.74,45337.32,45355.76,14.55753118
312,2021-02-28 21:52:00,45355.75,45380.29,45278.14,45278.14,18.82217989
313,2021-02-28 21:53:00,45278.15,45299.01,45252.01,45288.35,11.67769529
314,2021-02-28 21:54:00,45288.35,45380.42,45288.35,45311.0,17.94075012
315,2021-02-28 21:55:00,45313.96,45372.25,45313.96,45316.92,12.69721499
316,2021-02-28 21:56:00,45319.55,45342.55,45282.65,45303.76,16.42722381
317,2021-02-28 21:57:00,45300.01,45300.01,45250.0,45250.01,2.79893067
318,2021-02-28 21:58:00,45250.01,45270.05,45241.3,45257.25,2.73773177
319,2021-02-28 21:59:00,45256.97,45267.09,45251.87,45254.8,11.27650483
320,2021-02-28 22:00:00,45254.79,45299.95,45254.79,45281.95,12.07537324
321,2021-02-28 22:01:00,45281.95,45290.42,45276.61,45290.11,4.75746015
322,2021-02-28 22:02:00,45290.42,45290.42,45155.0,45155.0,16.20183516
323,2021-02-28 22:03:00,45155.0,45232.59,45155.0,45232.52,8.40043298
324,2021-02-28 22:04:00,45230.6,45302.35,45230.6,45302.35,7.0888001
325,2021-02-28 22:05:00,45297.46,45305.98,45278.11,45285.35,6.29271934
326,2021-02-28 22:06:00,45285.35,45306.28,45285.34,45302.91,2.78670806
327,2021-02-28 22:07:00,45304.58,45345.09,45299.74,45345.08,1.81158249
328,2021-02-28 22:08:00,45345.09,45377.79,45345.08,45376.74,7.41260677
329,2021-02-28 22:09:00,45376.74,45436.0,45373.69,45427.46,18.8752014
330,2021-02-28 22:10:00,45427.45,45427.45,45386.6,45419.89,17.13928037
331,2021-02-28 22:11:00,45419.9,45425.0,45309.37,45309.37,24.40601856
332,2021-02-28 22:12:00,45311.58,45361.5,45258.02,45361.5,15.9235932
333,2021-02-28 22:13:00,45352.19,45374.01,45345.29,45371.57,4.06340898
334,2021-02-28 22:14:00,45371.57,45372.06,45356.0,45356.01,6.36206806
335,2021-02-28 22:15:00,45356.0,45356.06,45322.01,45323.99,2.85387754
336,2021-02-28 22:16:00,45324.0,45345.35,45324.0,45342.45,3.6641224
337,2021-02-28 22:17:00,45342.45,45346.28,45251.45,45251.45,7.45997122
338,2021-02-28 22:18:00,45251.45,45254.34,45230.08,45236.09,5.25133106
339,2021-02-28 22:19:00,45236.06,45252.29,45229.45,45251.93,7.40372256
340,2021-02-28 22:20:00,45259.87,45293.13,45252.3,45279.06,9.16413561
341,2021-02-28 22:21:00,45276.22,45288.57,45275.89,45279.09,8.2216332
342,2021-02-28 22:22:00,45279.08,45279.09,45263.93,45267.67,9.59450909
343,2021-02-28 22:23:00,45267.68,45282.13,45265.45,45278.25,3.14767344
344,2021-02-28 22:24:00,45278.26,45283.28,45273.84,45283.15,8.07926423
345,2021-02-28 22:25:00,45283.15,45291.07,45273.87,45287.93,5.2977572
346,2021-02-28 22:26:00,45287.92,45300.0,45287.0,45296.9,7.46308958
347,2021-02-28 22:27:00,45296.54,45319.64,45294.69,45319.57,5.46908156
348,2021-02-28 22:28:00,45319.74,45334.58,45312.57,45329.97,6.21461621
349,2021-02-28 22:29:00,45334.09,45352.67,45326.52,45351.05,7.04788894
350,2021-02-28 22:30:00,45351.05,45353.56,45283.63,45290.0,17.99254523
351,2021-02-28 22:31:00,45289.99,45290.0,45264.68,45267.52,10.56967022
352,2021-02-28 22:32:00,45266.05,45269.27,45197.85,45197.86,3.7222914
353,2021-02-28 22:33:00,45197.86,45237.89,45001.54,45012.34,38.49188115
354,2021-02-28 22:34:00,45020.09,45131.36,44874.8,44913.35,41.0488905
355,2021-02-28 22:35:00,44910.58,45024.78,44898.19,44985.76,42.50399261
356,2021-02-28 22:36:00,44969.79,44988.2,44921.56,44959.82,10.5552179
357,2021-02-28 22:37:00,44955.5,45047.93,44953.53,45046.79,13.99470744
358,2021-02-28 22:38:00,45039.61,45108.05,45039.13,45097.41,9.53527592
359,2021-02-28 22:39:00,45097.41,45097.41,45071.18,45085.64,9.0002409
360,2021-02-28 22:40:00,45085.32,45090.0,45085.0,45090.0,6.87211127
361,2021-02-28 22:41:00,45089.99,45165.85,45089.99,45165.76,22.98099451
362,2021-02-28 22:42:00,45166.2,45197.31,45156.4,45197.31,10.02389114
363,2021-02-28 22:43:00,45197.31,45203.97,45056.99,45057.61,17.00425318
364,2021-02-28 22:44:00,45057.61,45178.14,45036.02,45150.1,11.60475646
365,2021-02-28 22:45:00,45150.09,45191.0,45138.75,45183.41,6.85239994
366,2021-02-28 22:46:00,45182.92,45216.57,45177.33,45216.57,3.5882931
367,2021-02-28 22:47:00,45212.0,45222.0,45151.4,45222.0,3.3898389
368,2021-02-28 22:48:00,45219.17,45250.01,45219.16,45236.37,6.69179114
369,2021-02-28 22:49:00,45238.17,45244.3,45226.87,45241.65,2.89538579
370,2021-02-28 22:50:00,45235.21,45243.43,45225.36,45238.24,6.47931631
371,2021-02-28 22:51:00,45238.24,45238.25,45110.41,45169.93,26.24281936
372,2021-02-28 22:52:00,45166.49,45234.0,45166.49,45229.41,16.61413018
373,2021-02-28 22:53:00,45229.05,45268.85,45224.75,45268.84,9.50436754
374,2021-02-28 22:54:00,45269.12,45270.32,45180.76,45213.46,14.79623094
375,2021-02-28 22:55:00,45213.45,45260.84,45213.45,45249.52,8.60476114
376,2021-02-28 22:56:00,45249.06,45277.76,45214.18,45248.98,11.52307592
377,2021-02-28 22:57:00,45254.56,45264.45,45238.91,45263.29,7.43881225
378,2021-02-28 22:58:00,45263.09,45276.27,45256.26,45273.11,4.56555468
379,2021-02-28 22:59:00,45273.11,45277.76,45264.16,45266.15,3.25029296
380,2021-02-28 23:00:00,45266.14,45315.01,45266.08,45303.29,17.99819918
381,2021-02-28 23:01:00,45305.3,45555.55,45305.3,45555.55,44.70579284
382,2021-02-28 23:02:00,45555.55,45930.0,45555.54,45798.42,80.01812164
383,2021-02-28 23:03:00,45798.42,45950.0,45787.83,45874.15,34.86145706
384,2021-02-28 23:04:00,45873.07,45950.0,45839.67,45937.53,12.5228674
385,2021-02-28 23:05:00,45938.05,45998.0,45882.13,45996.39,11.55090686
386,2021-02-28 23:06:00,45990.0,45990.0,45829.92,45904.78,46.98838455
387,2021-02-28 23:07:00,45887.71,45950.0,45862.41,45894.63,13.51333183
388,2021-02-28 23:08:00,45894.63,45949.43,45850.01,45920.45,18.24555021
389,2021-02-28 23:09:00,45917.0,45937.81,45889.79,45889.8,24.06995096
390,2021-02-28 23:10:00,45889.79,45910.69,45831.98,45894.99,17.70536977
391,2021-02-28 23:11:00,45894.99,45895.0,45833.46,45843.02,14.88643982
392,2021-02-28 23:12:00,45843.02,45859.92,45800.01,45831.07,11.74717856
393,2021-02-28 23:13:00,45831.07,45860.0,45816.63,45819.03,16.19414764
394,2021-02-28 23:14:00,45819.03,45826.6,45784.4,45790.13,15.51507702
395,2021-02-28 23:15:00,45787.45,45884.47,45778.09,45800.06,18.90177051
396,2021-02-28 23:16:00,45793.03,45877.85,45783.03,45873.05,7.6703031
397,2021-02-28 23:17:00,45869.77,45869.77,45820.0,45827.49,5.91629831
398,2021-02-28 23:18:00,45827.49,45836.53,45813.35,45826.46,6.14554874
399,2021-02-28 23:19:00,45826.46,45831.71,45777.56,45777.56,7.4408521
400,2021-02-28 23:20:00,45777.56,45832.7,45777.0,45805.53,17.56446622
401,2021-02-28 23:21:00,45805.54,45834.2,45802.37,45833.26,9.63278027
402,2021-02-28 23:22:00,45833.26,45837.74,45805.53,45810.0,14.21639355
403,2021-02-28 23:23:00,45810.0,45810.0,45779.97,45796.51,24.68792037
404,2021-02-28 23:24:00,45790.72,45796.33,45730.42,45730.42,23.28507252
405,2021-02-28 23:25:00,45734.82,45786.42,45710.0,45717.88,20.74032702
406,2021-02-28 23:26:00,45726.06,45788.47,45707.14,45737.6,12.34090486
407,2021-02-28 23:27:00,45733.5,45747.56,45683.57,45683.57,11.95022674
408,2021-02-28 23:28:00,45684.04,45684.05,45555.0,45570.18,23.55095446
409,2021-02-28 23:29:00,45570.18,45653.82,45530.4,45625.67,14.90407287
410,2021-02-28 23:30:00,45625.39,45700.0,45605.59,45666.31,8.99582003
411,2021-02-28 23:31:00,45661.55,45677.21,45630.97,45662.94,11.50164478
412,2021-02-28 23:32:00,45663.42,45665.74,45550.0,45550.0,10.22958004
413,2021-02-28 23:33:00,45544.84,45560.15,45477.61,45502.61,23.22023408
414,2021-02-28 23:34:00,45501.31,45529.08,45433.32,45467.84,13.54328834
415,2021-02-28 23:35:00,45462.02,45492.89,45368.39,45375.92,6.86950579
416,2021-02-28 23:36:00,45377.85,45455.12,45353.91,45384.9,8.1502251
417,2021-02-28 23:37:00,45384.9,45501.13,45384.68,45476.44,9.12001
418,2021-02-28 23:38:00,45478.97,45493.35,45453.41,45458.06,3.62484472
419,2021-02-28 23:39:00,45458.07,45480.13,45286.26,45286.26,13.99105464
420,2021-02-28 23:40:00,45286.27,45375.71,45241.26,45372.1,20.49307156
421,2021-02-28 23:41:00,45369.73,45391.04,45279.02,45318.12,16.32464963
422,2021-02-28 23:42:00,45323.73,45367.35,45287.83,45335.55,19.6595959
423,2021-02-28 23:43:00,45334.11,45361.97,45272.79,45352.13,15.75600557
424,2021-02-28 23:44:00,45346.77,45400.0,45321.17,45390.16,8.32770403
425,2021-02-28 23:45:00,45390.75,45399.3,45072.96,45145.43,70.26725859
426,2021-02-28 23:46:00,45121.63,45190.5,45121.63,45189.34,25.4236452
427,2021-02-28 23:47:00,45186.07,45186.07,45066.69,45080.46,29.76881269
428,2021-02-28 23:48:00,45087.66,45116.03,45019.41,45019.41,15.54368563
429,2021-02-28 23:49:00,45019.25,45114.23,44958.91,45114.23,31.58523549
430,2021-02-28 23:50:00,45114.23,45166.09,45051.16,45085.13,26.91010317
431,2021-02-28 23:51:00,45091.38,45147.13,45050.0,45130.11,12.46775704
432,2021-02-28 23:52:00,45139.6,45170.67,44921.55,44994.87,43.63409632
433,2021-02-28 23:53:00,44985.77,45073.39,44944.44,45020.12,39.20637404
434,2021-02-28 23:54:00,45033.45,45076.29,44960.0,44979.99,24.96160533
435,2021-02-28 23:55:00,44979.99,45073.85,44948.32,45003.59,55.26553206
436,2021-02-28 23:56:00,45022.13,45139.36,45009.55,45122.73,17.10688758
437,2021-02-28 23:57:00,45122.73,45133.76,45074.16,45117.89,6.67455959
438,2021-02-28 23:58:00,45123.53,45150.37,45082.86,45147.78,18.05890855
439,2021-02-28 23:59:00,45150.38,45262.56,45149.62,45231.75,13.76119809
440,2021-03-01 00:00:00,45231.74,45371.02,45220.2,45352.29,26.03181504
441,2021-03-01 00:01:00,45352.29,45452.79,45350.0,45452.79,12.34748972
442,2021-03-01 00:02:00,45445.1,45460.8,45148.75,45232.4,47.49056059
443,2021-03-01 00:03:00,45232.4,45301.56,45139.22,45139.22,9.20539745
444,2021-03-01 00:04:00,45139.22,45193.92,45096.43,45130.79,21.04184834
445,2021-03-01 00:05:00,45128.94,45129.84,45049.99,45051.91,12.02079417
446,2021-03-01 00:06:00,45049.99,45092.97,45042.13,45067.41,24.23430521
447,2021-03-01 00:07:00,45067.41,45119.11,45067.41,45114.16,7.03761108
448,2021-03-01 00:08:00,45119.11,45316.07,45071.83,45316.07,16.03075068
449,2021-03-01 00:09:00,45319.44,45403.03,45248.78,45353.37,17.54242914
450,2021-03-01 00:10:00,45354.77,45374.96,45276.36,45289.96,17.16180815
451,2021-03-01 00:11:00,45294.91,45382.89,45294.91,45366.51,7.4392601
452,2021-03-01 00:12:00,45366.51,45400.0,45336.61,45375.8,5.66673066
453,2021-03-01 00:13:00,45375.86,45393.92,45339.07,45360.2,8.6903479
454,2021-03-01 00:14:00,45360.2,45567.56,45355.5,45566.64,17.9294788
455,2021-03-01 00:15:00,45567.56,45700.0,45543.73,45699.58,29.73422397
456,2021-03-01 00:16:00,45699.58,45990.0,45657.58,45966.57,49.09415023
457,2021-03-01 00:17:00,45971.31,46287.16,45854.98,46275.31,94.13831555
458,2021-03-01 00:18:00,46282.28,46360.8,46135.92,46299.87,81.11941012
459,2021-03-01 00:19:00,46284.4,46375.93,46194.57,46283.92,46.79461175
460,2021-03-01 00:20:00,46273.18,46435.07,46243.05,46323.49,33.96317148
461,2021-03-01 00:21:00,46322.83,46340.88,46203.85,46225.12,27.68298727
462,2021-03-01 00:22:00,46225.12,46264.85,46127.47,46248.11,22.0570826
463,2021-03-01 00:23:00,46253.17,46253.17,46131.83,46154.47,24.95122292
464,2021-03-01 00:24:00,46158.95,46296.24,46146.62,46267.08,14.586208
465,2021-03-01 00:25:00,46266.41,46278.61,46165.81,46254.39,21.80152356
466,2021-03-01 00:26:00,46254.0,46268.92,46212.14,46265.59,11.86513674
467,2021-03-01 00:27:00,46263.53,46269.51,46242.33,46262.89,6.53375165
468,2021-03-01 00:28:00,46262.89,46262.89,46213.49,46244.89,28.90197528
469,2021-03-01 00:29:00,46244.7,46268.31,46237.37,46265.61,3.46192633
470,2021-03-01 00:30:00,46264.71,46499.59,46264.71,46492.87,35.91296002
471,2021-03-01 00:31:00,46487.11,46555.26,46452.45,46500.0,59.17337566
472,2021-03-01 00:32:00,46500.0,46539.59,46474.05,46523.5,17.61740353
473,2021-03-01 00:33:00,46524.78,46648.61,46524.78,46643.63,48.26361105
474,2021-03-01 00:34:00,46643.63,46694.82,46530.08,46599.05,44.63478323
475,2021-03-01 00:35:00,46585.34,46630.0,46524.79,46573.29,21.43292482
476,2021-03-01 00:36:00,46561.95,46580.0,46500.0,46545.22,31.4541104
477,2021-03-01 00:37:00,46530.61,46532.32,46422.56,46472.35,19.41603535
478,2021-03-01 00:38:00,46472.35,46521.97,46468.7,46504.76,15.72594731
479,2021-03-01 00:39:00,46500.01,46658.02,46500.0,46545.23,20.47339164
480,2021-03-01 00:40:00,46547.55,46577.39,46483.17,46524.41,24.96027871
481,2021-03-01 00:41:00,46524.4,46529.52,46473.76,46497.72,25.62509214
482,2021-03-01 00:42:00,46497.72,46532.24,46497.72,46515.01,14.3620331
483,2021-03-01 00:43:00,46517.48,46520.0,46426.29,46443.79,22.13422443
484,2021-03-01 00:44:00,46440.08,46454.54,46357.31,46364.74,17.75947041
485,2021-03-01 00:45:00,46364.12,46375.0,46278.68,46330.16,28.46619815
486,2021-03-01 00:46:00,46342.26,46369.08,46245.98,46284.87,10.13879361
487,2021-03-01 00:47:00,46282.24,46345.28,46272.68,46299.52,19.82938778
488,2021-03-01 00:48:00,46299.85,46309.88,46260.0,46265.02,7.37704227
489,2021-03-01 00:49:00,46264.77,46311.75,46243.09,46279.78,15.11992854
490,2021-03-01 00:50:00,46279.78,46284.81,46260.0,46279.83,6.04457372
491,2021-03-01 00:51:00,46279.82,46350.0,46277.34,46325.0,11.53033419
492,2021-03-01 00:52:00,46319.31,46495.65,46319.31,46442.04,18.69487855
493,2021-03-01 00:53:00,46442.03,46453.12,46348.37,46366.67,14.7508654
494,2021-03-01 00:54:00,46366.21,46445.12,46352.09,46441.09,17.21184185
495,2021-03-01 00:55:00,46441.08,46524.3,46380.73,46382.81,24.38514111
496,2021-03-01 00:56:00,46381.81,46384.64,46304.9,46316.79,11.03293863
497,2021-03-01 00:57:00,46316.79,46384.16,46305.91,46342.28,11.12940937
498,2021-03-01 00:58:00,46346.95,46346.96,46313.58,46313.6,8.68596314
499,2021-03-01 00:59:00,46313.59,46359.18,46266.73,46325.65,17.47370616
500,2021-03-01 01:00:00,46329.23,46436.66,46319.18,46382.38,22.78909809
501,2021-03-01 01:01:00,46368.1,46413.73,46307.01,46307.01,7.82552646
502,2021-03-01 01:02:00,46318.32,46318.33,46275.0,46284.06,20.11897669
503,2021-03-01 01:03:00,46282.87,46335.41,46237.53,46275.02,22.31112672
504,2021-03-01 01:04:00,46275.01,46275.02,46213.98,46218.93,17.44580109
505,2021-03-01 01:05:00,46222.79,46236.54,46212.12,46220.95,8.91366746
506,2021-03-01 01:06:00,46218.3,46299.0,46217.64,46223.09,22.12746419
507,2021-03-01 01:07:00,46223.44,46248.62,46215.0,46217.93,8.82275239
508,2021-03-01 01:08:00,46217.2,46262.41,46200.0,46229.57,11.46559835
509,2021-03-01 01:09:00,46229.91,46280.77,46222.0,46226.01,7.37883515
510,2021-03-01 01:10:00,46222.0,46234.3,46200.0,46200.01,5.09295782
511,2021-03-01 01:11:00,46200.01,46200.74,46154.47,46154.47,14.44328731
512,2021-03-01 01:12:00,46156.71,46198.15,46154.47,46173.54,19.85163967
513,2021-03-01 01:13:00,46178.7,46178.7,46047.04,46077.23,36.80058407
514,2021-03-01 01:14:00,46078.29,46175.0,46068.54,46133.36,34.82519194
515,2021-03-01 01:15:00,46131.11,46230.0,46127.85,46213.29,21.66792958
516,2021-03-01 01:16:00,46217.16,46217.16,46123.19,46175.0,10.56303188
517,2021-03-01 01:17:00,46175.0,46211.48,46144.74,46170.96,15.30658944
518,2021-03-01 01:18:00,46164.53,46225.43,46164.22,46222.27,18.17703425
519,2021-03-01 01:19:00,46224.05,46250.0,46200.0,46200.54,24.22960856
520,2021-03-01 01:20:00,46200.54,46200.54,45958.33,46004.47,53.21456557
521,2021-03-01 01:21:00,46028.17,46053.32,45950.0,45989.37,19.82609674
522,2021-03-01 01:22:00,45993.36,46079.53,45973.64,46066.83,20.41166599
523,2021-03-01 01:23:00,46061.83,46160.25,46061.83,46160.25,10.33165974
524,2021-03-01 01:24:00,46160.25,46251.51,46156.83,46218.58,25.2823211
525,2021-03-01 01:25:00,46218.17,46222.05,46160.17,46175.0,11.73008503
526,2021-03-01 01:26:00,46163.6,46186.58,46143.28,46155.11,16.15026854
527,2021-03-01 01:27:00,46150.01,46241.47,46150.01,46202.49,23.94894716
528,2021-03-01 01:28:00,46202.44,46237.09,46165.74,46232.12,11.4581137
529,2021-03-01 01:29:00,46229.41,46261.01,46203.29,46211.78,8.49319996
530,2021-03-01 01:30:00,46211.85,46387.25,46203.29,46386.75,13.23304748
531,2021-03-01 01:31:00,46377.37,46577.09,46359.82,46559.99,36.08614664
532,2021-03-01 01:32:00,46560.0,46593.14,46467.1,46471.83,32.34446456
533,2021-03-01 01:33:00,46471.83,46515.68,46398.91,46431.96,17.41109386
534,2021-03-01 01:34:00,46432.37,46451.93,46362.66,46367.5,7.90989075
535,2021-03-01 01:35:00,46371.06,46379.33,46328.98,46331.53,11.15544883
536,2021-03-01 01:36:00,46325.01,46446.12,46309.85,46376.76,14.28508439
537,2021-03-01 01:37:00,46383.26,46396.05,46278.0,46278.01,19.14273552
538,2021-03-01 01:38:00,46278.01,46300.32,46230.44,46238.06,9.61598442
539,2021-03-01 01:39:00,46243.39,46283.69,46222.19,46278.11,6.1346605
540,2021-03-01 01:40:00,46284.17,46286.6,46220.26,46252.24,10.7803103
541,2021-03-01 01:41:00,46252.25,46304.51,46252.24,46281.24,7.05281818
542,2021-03-01 01:42:00,46286.13,46360.2,46279.42,46318.14,14.89149162
543,2021-03-01 01:43:00,46320.66,46397.7,46281.36,46281.36,13.11012919
544,2021-03-01 01:44:00,46281.16,46377.5,46273.87,46333.39,6.37314741
545,2021-03-01 01:45:00,46335.01,46438.29,46329.55,46402.92,9.13694479
546,2021-03-01 01:46:00,46399.53,46406.49,46337.0,46346.25,6.20155621
547,2021-03-01 01:47:00,46345.0,46408.0,46308.52,46401.12,8.52398118
548,2021-03-01 01:48:00,46401.6,46478.97,46364.96,46478.97,10.71262895
549,2021-03-01 01:49:00,46478.34,46478.34,46375.8,46384.22,14.95361281
550,2021-03-01 01:50:00,46383.31,46466.6,46326.14,46402.02,29.77248143
551,2021-03-01 01:51:00,46402.02,46428.31,46372.2,46383.65,13.03528707
552,2021-03-01 01:52:00,46382.1,46427.52,46372.2,46427.52,22.78208133
553,2021-03-01 01:53:00,46424.69,46424.69,46383.37,46383.37,9.96262854
554,2021-03-01 01:54:00,46383.38,46383.38,46350.0,46350.01,16.901875
555,2021-03-01 01:55:00,46350.01,46350.01,46149.82,46205.34,65.0869001
556,2021-03-01 01:56:00,46205.34,46228.39,46150.44,46181.04,13.36055587
557,2021-03-01 01:57:00,46175.59,46282.2,46152.36,46259.94,19.80700591
558,2021-03-01 01:58:00,46263.2,46271.8,46190.41,46231.29,27.20230139
559,2021-03-01 01:59:00,46231.3,46292.53,46218.01,46271.32,19.49506556
560,2021-03-01 02:00:00,46266.85,46387.26,46266.85,46316.13,19.47319229
561,2021-03-01 02:01:00,46309.24,46316.33,46208.27,46230.62,34.51937309
562,2021-03-01 02:02:00,46224.86,46366.47,46224.86,46366.47,7.49495223
563,2021-03-01 02:03:00,46366.91,46408.77,46329.82,46408.7,10.78578986
564,2021-03-01 02:04:00,46408.68,46408.68,46305.18,46361.93,11.23577905
565,2021-03-01 02:05:00,46361.93,46375.83,46339.53,46365.0,5.39109685
566,2021-03-01 02:06:00,46365.1,46402.64,46363.06,46400.21,5.76202171
567,2021-03-01 02:07:00,46400.22,46429.19,46388.2,46427.28,12.76022679
568,2021-03-01 02:08:00,46427.28,46427.29,46362.07,46378.79,31.84710946
569,2021-03-01 02:09:00,46378.8,46406.58,46355.0,46382.98,22.79418407
570,2021-03-01 02:10:00,46379.51,46474.44,46379.51,46461.36,25.26693398
571,2021-03-01 02:11:00,46459.88,46461.73,46363.74,46376.52,14.75399087
572,2021-03-01 02:12:00,46376.52,46436.89,46317.17,46410.12,27.43451084
573,2021-03-01 02:13:00,46426.73,46467.64,46414.03,46454.17,17.31725456
574,2021-03-01 02:14:00,46461.84,46483.83,46432.08,46476.55,12.75176561
575,2021-03-01 02:15:00,46477.2,46528.02,46446.88,46526.52,30.27475091
576,2021-03-01 02:16:00,46526.51,46550.0,46415.05,46422.28,22.31733442
577,2021-03-01 02:17:00,46417.68,46465.99,46402.77,46410.0,14.73922214
578,2021-03-01 02:18:00,46410.0,46438.93,46346.38,46375.38,50.46125903
579,2021-03-01 02:19:00,46375.38,46398.89,46334.86,46389.71,17.28088254
580,2021-03-01 02:20:00,46389.71,46491.37,46375.48,46480.98,17.32556934
581,2021-03-01 02:21:00,46481.02,46513.89,46451.56,46489.8,16.63704658
582,2021-03-01 02:22:00,46493.79,46496.45,46448.14,46472.68,18.67204851
583,2021-03-01 02:23:00,46481.16,46559.5,46467.29,46559.5,13.88771036
584,2021-03-01 02:24:00,46559.52,46779.76,46543.32,46740.57,36.02099421
585,2021-03-01 02:25:00,46743.55,46834.22,46743.55,46759.73,42.51117211
586,2021-03-01 02:26:00,46759.73,46842.78,46741.03,46842.73,12.77631376
587,2021-03-01 02:27:00,46842.83,46888.88,46841.89,46873.57,32.04051065
588,2021-03-01 02:28:00,46881.45,46881.45,46777.01,46779.5,41.42364783
589,2021-03-01 02:29:00,46779.51,46832.98,46750.0,46761.33,19.44960087
590,2021-03-01 02:30:00,46761.33,46879.47,46761.33,46864.87,24.06208565
591,2021-03-01 02:31:00,46856.95,46885.25,46856.08,46873.45,8.17371065
592,2021-03-01 02:32:00,46873.46,46894.83,46862.2,46879.54,17.23900544
593,2021-03-01 02:33:00,46879.54,46885.4,46858.67,46870.09,37.23318666
594,2021-03-01 02:34:00,46870.08,46875.55,46779.5,46787.2,22.0822523
595,2021-03-01 02:35:00,46780.17,46800.94,46750.0,46765.88,16.39442598
596,2021-03-01 02:36:00,46766.32,46797.91,46751.0,46766.94,12.26399344
597,2021-03-01 02:37:00,46759.05,46822.79,46730.0,46737.19,16.56995337
598,2021-03-01 02:38:00,46737.19,46793.53,46715.05,46719.51,29.16615491
599,2021-03-01 02:39:00,46722.13,46734.46,46668.94,46677.69,20.19018436
600,2021-03-01 02:40:00,46677.69,46740.64,46671.28,46730.96,10.09051535
601,2021-03-01 02:41:00,46736.65,46780.16,46700.0,46700.01,27.55304964
602,2021-03-01 02:42:00,46700.0,46763.2,46700.0,46749.75,12.39008734
603,2021-03-01 02:43:00,46752.43,46752.43,46712.9,46723.4,14.10259028
604,2021-03-01 02:44:00,46723.4,46750.03,46678.2,46680.26,38.00074943
605,2021-03-01 02:45:00,46680.01,46680.02,46605.92,46610.18,13.96323198
606,2021-03-01 02:46:00,46609.02,46647.39,46607.06,46620.0,9.94206465
607,2021-03-01 02:47:00,46620.0,46673.98,46620.0,46651.5,5.89909733
608,2021-03-01 02:48:00,46660.57,46662.3,46607.2,46619.09,17.68113611
609,2021-03-01 02:49:00,46616.31,46647.82,46607.2,46634.55,11.4818755
610,2021-03-01 02:50:00,46642.37,46689.07,46634.55,46684.4,11.49369952
611,2021-03-01 02:51:00,46683.25,46690.11,46650.01,46664.53,7.41526772
612,2021-03-01 02:52:00,46664.52,46695.76,46623.59,46623.59,15.86386261
613,2021-03-01 02:53:00,46633.05,46647.78,46610.24,46625.17,9.67344076
614,2021-03-01 02:54:00,46627.24,46642.31,46557.34,46580.0,10.85492903
615,2021-03-01 02:55:00,46580.0,46628.83,46455.92,46497.5,51.2292093
616,2021-03-01 02:56:00,46487.23,46600.0,46444.49,46577.68,43.0996834
617,2021-03-01 02:57:00,46577.63,46619.8,46528.92,46530.9,18.06673924
618,2021-03-01 02:58:00,46528.92,46528.92,46447.88,46503.94,12.40342941
619,2021-03-01 02:59:00,46503.94,46597.48,46503.94,46526.25,8.61676602
620,2021-03-01 03:00:00,46518.32,46539.33,46507.69,46520.55,10.89182115
621,2021-03-01 03:01:00,46520.78,46589.32,46519.33,46562.27,7.61295683
622,2021-03-01 03:02:00,46561.65,46593.11,46537.31,46588.06,16.79408351
623,2021-03-01 03:03:00,46587.54,46642.69,46563.03,46615.91,18.77672016
624,2021-03-01 03:04:00,46619.72,46631.52,46537.0,46542.43,28.88035709
625,2021-03-01 03:05:00,46541.71,46541.71,46433.23,46433.23,15.25838466
626,2021-03-01 03:06:00,46433.29,46461.95,46400.0,46461.95,15.8062408
627,2021-03-01 03:07:00,46461.94,46500.0,46252.07,46308.31,134.7070633
628,2021-03-01 03:08:00,46299.59,46410.49,46273.75,46394.6,15.06302285
629,2021-03-01 03:09:00,46395.18,46427.15,46373.55,46378.79,7.10413433
630,2021-03-01 03:10:00,46379.26,46461.03,46379.26,46420.3,11.17979506
631,2021-03-01 03:11:00,46419.32,46449.99,46375.42,46398.75,10.97199786
632,2021-03-01 03:12:00,46402.01,46448.39,46398.75,46446.65,6.08889856
633,2021-03-01 03:13:00,46448.87,46449.99,46429.86,46431.64,5.86903106
634,2021-03-01 03:14:00,46431.64,46460.0,46431.63,46460.0,4.28536463
635,2021-03-01 03:15:00,46459.99,46543.18,46459.99,46500.85,22.76214426
636,2021-03-01 03:16:00,46502.42,46519.32,46483.68,46509.66,5.61957495
637,2021-03-01 03:17:00,46506.24,46549.0,46505.0,46548.57,6.14515898
638,2021-03-01 03:18:00,46548.57,46563.68,46530.0,46563.68,7.66860273
639,2021-03-01 03:19:00,46563.68,46563.68,46509.4,46549.98,9.3278971
640,2021-03-01 03:20:00,46549.99,46550.0,46499.02,46525.76,6.72573585
641,2021-03-01 03:21:00,46529.5,46536.22,46486.0,46507.38,5.17834722
642,2021-03-01 03:22:00,46512.88,46512.88,46358.24,46467.03,23.59929213
643,2021-03-01 03:23:00,46467.87,46492.02,46420.43,46487.96,5.13296082
644,2021-03-01 03:24:00,46491.61,46549.0,46491.61,46505.24,9.63619593
645,2021-03-01 03:25:00,46501.27,46550.0,46501.27,46536.16,4.67431596
646,2021-03-01 03:26:00,46536.16,46560.0,46536.16,46552.93,6.43633802
647,2021-03-01 03:27:00,46552.93,46563.98,46552.92,46555.0,3.30170249
648,2021-03-01 03:28:00,46555.01,46587.19,46555.0,46571.08,14.399278
649,2021-03-01 03:29:00,46570.01,46585.91,46570.01,46584.35,3.9996275
650,2021-03-01 03:30:00,46584.35,46591.07,46555.01,46577.08,7.41209361
651,2021-03-01 03:31:00,46574.22,46579.27,46529.08,46538.81,6.82850596
652,2021-03-01 03:32:00,46530.86,46538.79,46469.09,46500.01,8.72365702
653,2021-03-01 03:33:00,46500.01,46550.0,46500.01,46539.86,5.00030362
654,2021-03-01 03:34:00,46543.96,46543.96,46429.53,46473.67,7.30137198
655,2021-03-01 03:35:00,46473.67,46547.29,46437.76,46507.3,21.31192877
656,2021-03-01 03:36:00,46507.96,46519.72,46468.33,46478.9,5.87727128
657,2021-03-01 03:37:00,46478.9,46478.91,46441.59,46457.83,2.92857819
658,2021-03-01 03:38:00,46453.89,46467.41,46437.31,46437.31,5.02577349
659,2021-03-01 03:39:00,46437.31,46437.32,46412.75,46417.01,6.51131144
660,2021-03-01 03:40:00,46417.01,46417.01,46372.31,46388.32,9.47047733
661,2021-03-01 03:41:00,46388.31,46389.51,46251.32,46333.67,27.29122311
662,2021-03-01 03:42:00,46326.45,46389.2,46322.4,46388.82,9.15878955
663,2021-03-01 03:43:00,46387.99,46433.16,46386.78,46386.79,5.44653397
664,2021-03-01 03:44:00,46386.79,46418.02,46386.79,46404.58,15.31388869
665,2021-03-01 03:45:00,46400.0,46400.01,46326.63,46326.63,8.80174804
666,2021-03-01 03:46:00,46313.53,46431.2,46312.16,46386.25,13.00459682
667,2021-03-01 03:47:00,46386.26,46414.52,46349.99,46370.9,15.6919048
668,2021-03-01 03:48:00,46369.22,46414.01,46330.85,46350.0,5.644917
669,2021-03-01 03:49:00,46350.0,46401.45,46349.99,46401.45,6.2808161
670,2021-03-01 03:50:00,46401.45,46435.09,46401.44,46433.02,9.92785831
671,2021-03-01 03:51:00,46433.01,46449.5,46405.47,46407.79,9.97806967
672,2021-03-01 03:52:00,46407.78,46412.0,46342.48,46350.09,7.34407291
673,2021-03-01 03:53:00,46342.1,46418.34,46342.1,46418.34,14.98898717
674,2021-03-01 03:54:00,46418.34,46456.65,46418.34,46456.65,3.3826685
675,2021-03-01 03:55:00,46456.54,46588.03,46455.41,46588.03,12.9331134
676,2021-03-01 03:56:00,46588.03,46588.11,46437.62,46437.62,11.0841826
677,2021-03-01 03:57:00,46437.62,46444.58,46365.54,46387.33,9.02484457
678,2021-03-01 03:58:00,46387.56,46418.62,46387.55,46412.96,4.34131613
679,2021-03-01 03:59:00,46413.09,46413.09,46331.87,46389.9,9.61060224
680,2021-03-01 04:00:00,46390.17,46514.55,46390.17,46476.74,7.19560351
681,2021-03-01 04:01:00,46478.31,46513.01,46453.79,46464.57,7.2335941
682,2021-03-01 04:02:00,46464.57,46519.24,46463.26,46492.43,2.63020623
683,2021-03-01 04:03:00,46488.31,46537.4,46488.31,46533.9,7.97040719
684,2021-03-01 04:04:00,46533.9,46533.9,46492.13,46511.09,8.05569906
685,2021-03-01 04:05:00,46510.69,46521.04,46502.44,46510.61,2.19013811
686,2021-03-01 04:06:00,46510.61,46511.73,46459.84,46459.84,11.68927609
687,2021-03-01 04:07:00,46459.84,46502.45,46459.84,46502.45,3.07808996
688,2021-03-01 04:08:00,46503.67,46515.71,46459.12,46500.0,8.82469768
689,2021-03-01 04:09:00,46500.0,46500.0,46468.01,46490.95,2.02216893
690,2021-03-01 04:10:00,46490.95,46499.86,46475.47,46499.86,3.67767405
691,2021-03-01 04:11:00,46499.86,46529.22,46499.85,46519.34,8.1085344
692,2021-03-01 04:12:00,46519.03,46522.14,46480.0,46480.01,4.16410714
693,2021-03-01 04:13:00,46480.01,46480.01,46414.31,46430.96,3.28690579
694,2021-03-01 04:14:00,46431.06,46434.42,46375.65,46397.42,5.97871515
695,2021-03-01 04:15:00,46397.42,46437.64,46397.41,46428.7,3.49604457
696,2021-03-01 04:16:00,46428.71,46430.12,46360.99,46360.99,5.31814655
697,2021-03-01 04:17:00,46366.43,46375.7,46338.07,46350.01,11.40045045
698,2021-03-01 04:18:00,46350.0,46376.12,46284.03,46290.01,13.77976732
699,2021-03-01 04:19:00,46292.34,46324.62,46173.53,46186.43,23.71489584
700,2021-03-01 04:20:00,46173.54,46199.72,46145.85,46145.85,8.50809368
701,2021-03-01 04:21:00,46145.24,46158.82,46081.0,46081.0,25.77505797
702,2021-03-01 04:22:00,46096.5,46133.25,46016.85,46016.85,15.97236303
703,2021-03-01 04:23:00,46026.93,46100.0,46026.93,46100.0,10.33031599
704,2021-03-01 04:24:00,46100.0,46110.6,46074.34,46110.6,14.81954467
705,2021-03-01 04:25:00,46110.6,46157.88,46068.58,46084.64,15.68502195
706,2021-03-01 04:26:00,46084.97,46125.0,46082.74,46101.43,5.67517868
707,2021-03-01 04:27:00,46104.86,46187.57,46104.85,46156.56,11.63409964
708,2021-03-01 04:28:00,46150.0,46195.8,46136.25,46191.21,4.90474905
709,2021-03-01 04:29:00,46191.2,46199.43,46186.17,46194.15,2.51855526
710,2021-03-01 04:30:00,46194.15,46194.15,46112.16,46161.36,6.90592592
711,2021-03-01 04:31:00,46161.35,46206.11,46161.35,46198.88,8.07728088
712,2021-03-01 04:32:00,46199.0,46205.83,46175.69,46175.69,10.52767529
713,2021-03-01 04:33:00,46175.69,46199.43,46175.69,46199.42,9.48307932
714,2021-03-01 04:34:00,46199.43,46199.43,46165.03,46193.44,3.61350062
715,2021-03-01 04:35:00,46193.43,46200.0,46165.29,46197.2,12.00452909
716,2021-03-01 04:36:00,46195.49,46198.8,46117.5,46154.17,7.51767883
717,2021-03-01 04:37:00,46151.42,46154.94,46112.15,46129.65,1.6310109
718,2021-03-01 04:38:00,46129.65,46145.0,46128.4,46145.0,2.2807442
719,2021-03-01 04:39:00,46145.0,46150.0,46124.99,46150.0,4.41203868
720,2021-03-01 04:40:00,46149.99,46157.5,46100.0,46136.88,6.94969064
721,2021-03-01 04:41:00,46123.94,46146.45,46045.0,46090.88,8.4085297
722,2021-03-01 04:42:00,46090.88,46150.0,46090.88,46150.0,7.21143868
723,2021-03-01 04:43:00,46150.0,46263.52,46149.99,46263.52,18.34134123
724,2021-03-01 04:44:00,46263.54,46299.0,46231.75,46299.0,3.35673054
725,2021-03-01 04:45:00,46299.0,46350.0,46284.74,46332.35,6.63903272
726,2021-03-01 04:46:00,46324.78,46406.52,46324.78,46406.52,4.87683908
727,2021-03-01 04:47:00,46406.52,46414.16,46355.2,46405.98,6.42274345
728,2021-03-01 04:48:00,46410.93,46445.71,46403.28,46436.54,20.38412216
729,2021-03-01 04:49:00,46436.53,46493.8,46405.56,46459.79,21.14976069
730,2021-03-01 04:50:00,46460.18,46742.56,46460.18,46664.69,40.65278861
731,2021-03-01 04:51:00,46664.69,46686.47,46562.24,46582.46,17.6566292
732,2021-03-01 04:52:00,46594.99,46602.03,46528.31,46564.32,3.41681045
733,2021-03-01 04:53:00,46553.62,46596.68,46511.95,46587.77,5.99090117
734,2021-03-01 04:54:00,46587.76,46587.76,46493.8,46493.8,4.91535523
735,2021-03-01 04:55:00,46493.81,46541.85,46477.01,46499.49,9.27214734
736,2021-03-01 04:56:00,46492.47,46530.21,46490.0,46530.2,6.51892411
737,2021-03-01 04:57:00,46532.27,46541.57,46459.01,46476.47,7.86897219
738,2021-03-01 04:58:00,46475.43,46518.24,46475.43,46486.58,5.10609363
739,2021-03-01 04:59:00,46490.74,46534.04,46438.39,46521.14,14.19249677
740,2021-03-01 05:00:00,46526.43,46534.04,46466.83,46466.83,2.93671945
741,2021-03-01 05:01:00,46459.36,46485.1,46442.46,46459.32,5.04915003
742,2021-03-01 05:02:00,46460.0,46531.45,46445.74,46521.71,10.25932797
743,2021-03-01 05:03:00,46529.83,46529.83,46434.05,46439.62,9.54743994
744,2021-03-01 05:04:00,46441.13,46479.0,46425.31,46433.0,6.05659829
745,2021-03-01 05:05:00,46433.0,46442.6,46402.45,46402.45,5.6823823
746,2021-03-01 05:06:00,46402.7,46407.98,46396.2,46400.01,3.58213322
747,2021-03-01 05:07:00,46400.01,46410.37,46389.48,46394.5,3.37525107
748,2021-03-01 05:08:00,46394.49,46395.06,46358.59,46376.47,2.60509436
749,2021-03-01 05:09:00,46376.48,46426.94,46376.47,46400.0,3.27615128
750,2021-03-01 05:10:00,46400.0,46464.74,46382.83,46451.31,15.62422027
751,2021-03-01 05:11:00,46461.14,46462.06,46355.47,46357.42,9.30486825
752,2021-03-01 05:12:00,46357.34,46411.42,46340.12,46367.85,2.97599203
753,2021-03-01 05:13:00,46367.98,46406.6,46367.73,46390.98,7.5585105
754,2021-03-01 05:14:00,46390.15,46406.21,46380.01,46380.01,4.00629818
755,2021-03-01 05:15:00,46380.0,46380.01,46325.67,46360.5,6.56132603
756,2021-03-01 05:16:00,46360.5,46360.5,46299.23,46299.99,5.65075965
757,2021-03-01 05:17:00,46300.0,46345.21,46290.9,46321.46,4.48206877
758,2021-03-01 05:18:00,46321.46,46345.22,46321.46,46340.52,8.31422358
759,2021-03-01 05:19:00,46336.32,46339.81,46284.74,46286.81,12.08184782
760,2021-03-01 05:20:00,46284.74,46332.59,46280.18,46297.82,3.02034123
761,2021-03-01 05:21:00,46296.57,46308.37,46277.39,46277.4,1.26676737
762,2021-03-01 05:22:00,46277.4,46308.47,46277.4,46295.91,0.97151652
763,2021-03-01 05:23:00,46295.91,46335.79,46295.91,46327.87,5.6073418
764,2021-03-01 05:24:00,46327.25,46333.66,46306.83,46327.03,1.6408871
765,2021-03-01 05:25:00,46327.04,46363.74,46289.53,46297.42,7.65153942
766,2021-03-01 05:26:00,46296.98,46319.65,46292.94,46294.82,2.07418806
767,2021-03-01 05:27:00,46294.81,46312.67,46292.94,46292.95,3.06544465
768,2021-03-01 05:28:00,46292.95,46308.03,46234.11,46234.13,11.55954611
769,2021-03-01 05:29:00,46234.13,46234.13,46027.1,46090.96,37.90860853
770,2021-03-01 05:30:00,46080.37,46195.58,46079.84,46157.88,8.68442889
771,2021-03-01 05:31:00,46156.33,46191.26,46138.84,46183.69,6.55189034
772,2021-03-01 05:32:00,46182.54,46241.72,46182.54,46237.79,4.2310426
773,2021-03-01 05:33:00,46237.19,46250.59,46206.2,46214.41,3.79675465
774,2021-03-01 05:34:00,46217.59,46253.77,46217.59,46234.77,5.44215293
775,2021-03-01 05:35:00,46234.77,46244.01,46215.41,46234.21,4.11000507
776,2021-03-01 05:36:00,46234.21,46238.01,46184.67,46187.41,4.21020417
777,2021-03-01 05:37:00,46188.7,46236.2,46181.29,46181.29,3.63845118
778,2021-03-01 05:38:00,46181.28,46239.0,46181.27,46236.96,4.51900343
779,2021-03-01 05:39:00,46237.95,46248.65,46200.37,46206.49,5.91280924
780,2021-03-01 05:40:00,46206.5,46233.71,46176.0,46176.0,5.65073704
781,2021-03-01 05:41:00,46175.01,46211.41,46175.0,46202.24,3.19544798
782,2021-03-01 05:42:00,46205.12,46211.4,46172.92,46172.92,4.01972132
783,2021-03-01 05:43:00,46172.92,46203.48,46132.42,46180.6,9.91348856
784,2021-03-01 05:44:00,46179.27,46182.21,46149.28,46169.72,2.72640234
785,2021-03-01 05:45:00,46165.72,46189.32,46165.72,46189.32,2.44114523
786,2021-03-01 05:46:00,46189.32,46189.32,46136.43,46163.33,8.31469941
787,2021-03-01 05:47:00,46163.33,46173.46,46124.07,46138.63,5.0840496
788,2021-03-01 05:48:00,46123.52,46154.56,46107.73,46111.81,9.13310303
789,2021-03-01 05:49:00,46101.96,46159.51,46077.29,46149.08,7.76295971
790,2021-03-01 05:50:00,46149.72,46154.79,46149.71,46153.81,3.07292287
791,2021-03-01 05:51:00,46153.8,46153.81,46096.29,46140.89,7.65305043
792,2021-03-01 05:52:00,46140.89,46153.48,46106.96,46124.79,7.10978501
793,2021-03-01 05:53:00,46124.79,46135.46,46114.49,46135.46,7.39655366
794,2021-03-01 05:54:00,46135.46,46135.46,46109.55,46114.97,7.11034606
795,2021-03-01 05:55:00,46124.51,46189.32,46116.69,46189.32,3.78023843
796,2021-03-01 05:56:00,46189.31,46211.4,46189.31,46211.39,7.34242289
797,2021-03-01 05:57:00,46211.4,46230.47,46206.36,46208.94,11.67765191
798,2021-03-01 05:58:00,46208.93,46236.45,46208.93,46236.45,6.44334653
799,2021-03-01 05:59:00,46236.45,46242.24,46218.5,46235.41,7.96530608
800,2021-03-01 06:00:00,46238.49,46245.51,46238.11,46245.51,6.04969145
801,2021-03-01 06:01:00,46245.51,46253.77,46227.46,46246.46,16.03432765
802,2021-03-01 06:02:00,46246.46,46246.46,46190.76,46198.68,11.97516251
803,2021-03-01 06:03:00,46192.84,46195.28,46107.24,46110.51,6.32507462
804,2021-03-01 06:04:00,46110.51,46184.22,46110.5,46169.47,6.2359357
805,2021-03-01 06:05:00,46168.09,46173.71,46113.24,46153.04,5.727854
806,2021-03-01 06:06:00,46153.04,46187.17,46153.04,46187.17,3.24024875
807,2021-03-01 06:07:00,46187.36,46200.0,46176.85,46196.86,1.79136791
808,2021-03-01 06:08:00,46199.82,46200.0,46190.0,46199.91,2.93710323
809,2021-03-01 06:09:00,46199.9,46250.74,46199.9,46245.38,9.59773997
810,2021-03-01 06:10:00,46241.68,46266.76,46241.33,46261.11,3.99361179
811,2021-03-01 06:11:00,46261.2,46298.14,46261.2,46282.65,7.7147786
812,2021-03-01 06:12:00,46282.65,46282.65,46247.66,46270.3,3.38107312
813,2021-03-01 06:13:00,46270.3,46270.3,46231.02,46237.44,3.30632682
814,2021-03-01 06:14:00,46237.44,46287.06,46235.43,46280.16,2.70862335
815,2021-03-01 06:15:00,46287.06,46290.93,46272.01,46289.99,1.28288592
816,2021-03-01 06:16:00,46290.0,46290.0,46272.25,46276.01,1.68089859
817,2021-03-01 06:17:00,46276.01,46290.93,46276.0,46290.93,8.92666285
818,2021-03-01 06:18:00,46290.93,46290.93,46284.54,46290.93,7.26956819
819,2021-03-01 06:19:00,46290.93,46290.93,46285.99,46285.99,1.81634957
820,2021-03-01 06:20:00,46289.84,46289.99,46261.07,46265.1,3.1202067
821,2021-03-01 06:21:00,46266.53,46266.53,46209.9,46209.9,3.60275212
822,2021-03-01 06:22:00,46209.9,46237.17,46201.64,46201.65,2.86190889
823,2021-03-01 06:23:00,46201.65,46217.93,46201.65,46210.73,3.1333821
824,2021-03-01 06:24:00,46210.73,46218.93,46205.25,46216.91,1.25509273
825,2021-03-01 06:25:00,46216.9,46259.79,46216.9,46259.79,1.24927775
826,2021-03-01 06:26:00,46259.79,46284.02,46257.86,46266.89,1.76970402
827,2021-03-01 06:27:00,46267.46,46290.0,46267.46,46272.94,2.97220232
828,2021-03-01 06:28:00,46276.0,46279.07,46237.93,46254.66,5.19083778
829,2021-03-01 06:29:00,46255.06,46283.32,46243.21,46282.89,6.66999087
830,2021-03-01 06:30:00,46282.88,46305.08,46282.88,46305.07,3.46754559
831,2021-03-01 06:31:00,46305.08,46305.08,46260.72,46268.61,3.9921247
832,2021-03-01 06:32:00,46265.12,46268.54,46250.0,46250.01,0.4044473
833,2021-03-01 06:33:00,46250.01,46250.01,46215.47,46220.39,1.80834056
834,2021-03-01 06:34:00,46220.38,46222.66,46167.12,46167.12,3.72208695
835,2021-03-01 06:35:00,46167.12,46167.12,46050.0,46050.0,17.73660772
836,2021-03-01 06:36:00,46050.0,46114.09,46013.91,46067.6,7.44825241
837,2021-03-01 06:37:00,46062.96,46068.65,46022.26,46060.23,12.80436923
838,2021-03-01 06:38:00,46067.36,46067.36,46020.16,46047.18,2.84498907
839,2021-03-01 06:39:00,46047.18,46047.18,45912.92,45966.17,31.7369472
840,2021-03-01 06:40:00,45948.32,45993.92,45942.54,45958.23,10.70888897
841,2021-03-01 06:41:00,45962.87,46020.0,45962.87,45966.01,7.17826785
842,2021-03-01 06:42:00,45966.0,45966.0,45806.0,45837.87,18.43737025
843,2021-03-01 06:43:00,45851.28,45900.72,45831.86,45831.86,19.0924616
844,2021-03-01 06:44:00,45839.43,45868.84,45800.0,45836.93,22.89630047
845,2021-03-01 06:45:00,45842.47,45896.54,45835.16,45847.75,11.3256512
846,2021-03-01 06:46:00,45844.17,45875.1,45807.34,45807.34,2.81078624
847,2021-03-01 06:47:00,45802.89,45802.9,45726.0,45746.93,19.71539997
848,2021-03-01 06:48:00,45746.93,45819.79,45694.45,45698.44,26.50594696
849,2021-03-01 06:49:00,45698.44,45757.8,45684.85,45684.85,12.89697892
850,2021-03-01 06:50:00,45690.62,45827.22,45680.0,45777.63,10.40955905
851,2021-03-01 06:51:00,45772.34,45843.63,45772.34,45839.18,2.52321107
852,2021-03-01 06:52:00,45839.19,45874.05,45826.12,45869.93,2.14298259
853,2021-03-01 06:53:00,45878.01,45894.09,45807.16,45867.38,5.32483812
854,2021-03-01 06:54:00,45868.34,45885.92,45840.0,45859.93,4.25580294
855,2021-03-01 06:55:00,45860.68,45904.38,45856.82,45901.88,12.00789326
856,2021-03-01 06:56:00,45907.62,45920.01,45880.05,45884.14,1.15193027
857,2021-03-01 06:57:00,45884.14,45894.93,45850.0,45862.82,2.51027005
858,2021-03-01 06:58:00,45864.37,45891.45,45858.27,45889.1,4.22267167
859,2021-03-01 06:59:00,45893.32,45918.4,45878.94,45899.93,24.73963138
860,2021-03-01 07:00:00,45899.97,45946.6,45893.65,45946.6,3.73137664
861,2021-03-01 07:01:00,45943.12,46073.14,45942.97,46073.14,11.81561968
862,2021-03-01 07:02:00,46072.35,46141.74,46022.81,46138.89,10.68244373
863,2021-03-01 07:03:00,46139.29,46195.66,46115.35,46195.66,3.3620642
864,2021-03-01 07:04:00,46195.66,46195.66,46141.89,46173.88,4.82192865
865,2021-03-01 07:05:00,46173.87,46173.87,46132.36,46154.5,4.4670088
866,2021-03-01 07:06:00,46148.31,46153.12,46079.57,46079.57,4.72302038
867,2021-03-01 07:07:00,46075.15,46095.03,46035.7,46052.85,4.44986095
868,2021-03-01 07:08:00,46066.45,46066.45,45978.46,46030.05,6.31409241
869,2021-03-01 07:09:00,46030.04,46075.77,46022.99,46070.14,15.12930242
870,2021-03-01 07:10:00,46079.33,46143.54,46079.33,46103.71,4.69374959
871,2021-03-01 07:11:00,46103.7,46148.62,46089.67,46143.09,4.42311111
872,2021-03-01 07:12:00,46142.35,46147.37,46118.75,46118.75,4.33703522
873,2021-03-01 07:13:00,46105.88,46113.79,46027.35,46093.73,6.03669529
874,2021-03-01 07:14:00,46093.88,46189.85,46093.88,46189.85,8.31329942
875,2021-03-01 07:15:00,46191.0,46225.89,46154.49,46225.89,17.75538752
876,2021-03-01 07:16:00,46225.89,46250.0,46171.11,46176.56,7.19533234
877,2021-03-01 07:17:00,46176.55,46176.56,46108.71,46124.8,4.29384672
878,2021-03-01 07:18:00,46124.8,46201.86,46124.8,46196.81,1.83152529
879,2021-03-01 07:19:00,46196.81,46200.0,46177.99,46200.0,2.44082709
880,2021-03-01 07:20:00,46199.99,46200.0,46128.94,46183.89,4.76767638
881,2021-03-01 07:21:00,46183.05,46195.46,46138.46,46163.34,2.12193894
882,2021-03-01 07:22:00,46162.84,46167.7,46129.34,46133.18,4.22528561
883,2021-03-01 07:23:00,46128.96,46160.85,46128.95,46160.85,6.01585409
884,2021-03-01 07:24:00,46160.85,46168.18,46128.95,46131.4,1.56404099
885,2021-03-01 07:25:00,46128.97,46162.27,46128.96,46162.26,5.6687448
886,2021-03-01 07:26:00,46162.26,46168.51,46162.26,46168.51,3.47643326
887,2021-03-01 07:27:00,46168.51,46198.11,46150.0,46172.9,5.25730668
888,2021-03-01 07:28:00,46172.89,46183.85,46128.96,46181.89,1.64823796
889,2021-03-01 07:29:00,46181.88,46181.88,46150.83,46160.01,0.89499357
890,2021-03-01 07:30:00,46160.0,46176.95,46150.83,46176.95,1.28530682
891,2021-03-01 07:31:00,46176.95,46176.95,46100.0,46100.0,2.63152924
892,2021-03-01 07:32:00,46100.0,46102.04,46051.12,46059.73,5.02575361
893,2021-03-01 07:33:00,46059.73,46092.14,45994.68,46006.64,7.14127214
894,2021-03-01 07:34:00,46006.65,46015.0,45944.66,45982.8,7.0183454
895,2021-03-01 07:35:00,45982.8,46058.88,45965.21,46058.88,6.43405925
896,2021-03-01 07:36:00,46057.09,46128.49,46054.92,46103.44,2.50568405
897,2021-03-01 07:37:00,46110.2,46133.23,46110.19,46126.31,4.06812897
898,2021-03-01 07:38:00,46122.83,46160.85,46077.88,46077.89,15.60831709
899,2021-03-01 07:39:00,46077.89,46136.43,46077.89,46121.94,0.5890763
900,2021-03-01 07:40:00,46124.81,46127.2,46072.51,46083.81,5.49958401
901,2021-03-01 07:41:00,46086.74,46092.94,46046.46,46092.57,4.74254972
902,2021-03-01 07:42:00,46092.95,46105.16,46065.36,46073.27,4.51033542
903,2021-03-01 07:43:00,46073.34,46092.95,46064.22,46092.95,2.3157177
904,2021-03-01 07:44:00,46092.95,46111.41,46092.95,46111.05,0.7510875
905,2021-03-01 07:45:00,46111.06,46111.06,46078.99,46095.57,1.09727261
906,2021-03-01 07:46:00,46093.77,46095.41,46074.03,46079.72,0.76288851
907,2021-03-01 07:47:00,46080.03,46080.03,46014.75,46014.75,2.59397857
908,2021-03-01 07:48:00,46014.75,46022.8,45983.37,45986.58,6.7567848
909,2021-03-01 07:49:00,45986.59,45989.6,45981.04,45984.11,0.76586077
910,2021-03-01 07:50:00,45984.19,46051.56,45979.59,46051.56,5.6536587
911,2021-03-01 07:51:00,46052.91,46111.06,46052.91,46094.69,1.51512638
912,2021-03-01 07:52:00,46104.71,46141.0,46104.71,46117.57,0.95726152
913,2021-03-01 07:53:00,46120.3,46120.3,46051.2,46055.54,1.26041501
914,2021-03-01 07:54:00,46086.5,46164.94,46086.5,46147.87,2.53592021
915,2021-03-01 07:55:00,46147.87,46387.89,46143.93,46290.38,23.4586853
916,2021-03-01 07:56:00,46287.74,46441.19,46280.01,46365.9,32.07295999
917,2021-03-01 07:57:00,46375.13,46431.49,46240.2,46397.71,16.97069232
918,2021-03-01 07:58:00,46397.72,46415.47,46313.32,46323.61,3.77797012
919,2021-03-01 07:59:00,46323.35,46339.71,46277.02,46319.99,10.92460809
920,2021-03-01 08:00:00,46326.46,46364.37,46319.99,46344.13,10.1193558
921,2021-03-01 08:01:00,46344.22,46481.51,46344.22,46480.32,9.24176873
922,2021-03-01 08:02:00,46472.97,46548.28,46405.47,46465.53,14.91736984
923,2021-03-01 08:03:00,46475.0,46518.24,46437.18,46458.0,4.84241969
924,2021-03-01 08:04:00,46467.09,46467.09,46414.05,46437.84,1.10509399
925,2021-03-01 08:05:00,46436.09,46447.31,46418.59,46426.43,3.85369962
926,2021-03-01 08:06:00,46426.43,46509.87,46426.43,46509.87,5.71134901
927,2021-03-01 08:07:00,46509.87,46539.02,46457.04,46473.92,8.46095902
928,2021-03-01 08:08:00,46473.92,46549.43,46473.92,46535.21,18.74344712
929,2021-03-01 08:09:00,46535.24,46620.0,46510.79,46618.59,5.35797293
930,2021-03-01 08:10:00,46618.59,46690.97,46570.19,46690.97,4.43609278
931,2021-03-01 08:11:00,46690.97,46700.0,46625.67,46643.43,24.01582147
932,2021-03-01 08:12:00,46643.43,46657.35,46600.0,46639.38,5.34756081
933,2021-03-01 08:13:00,46639.58,46639.59,46600.0,46610.89,2.99585167
934,2021-03-01 08:14:00,46610.88,46615.64,46577.1,46602.81,13.13415879
935,2021-03-01 08:15:00,46602.81,46648.66,46570.89,46581.96,5.701407
936,2021-03-01 08:16:00,46568.74,46635.68,46526.97,46593.13,7.27359841
937,2021-03-01 08:17:00,46593.13,46638.04,46593.13,46605.46,1.89884384
938,2021-03-01 08:18:00,46608.54,46609.84,46555.92,46591.38,2.39310145
939,2021-03-01 08:19:00,46582.78,46700.0,46580.36,46672.9,15.12681556
940,2021-03-01 08:20:00,46672.9,46798.16,46672.89,46789.15,8.60985786
941,2021-03-01 08:21:00,46789.14,46913.89,46777.05,46913.89,25.83634694
942,2021-03-01 08:22:00,46917.97,46947.0,46850.0,46858.92,15.52296129
943,2021-03-01 08:23:00,46858.91,46929.04,46791.77,46891.59,11.24862078
944,2021-03-01 08:24:00,46896.24,46998.0,46867.3,46998.0,12.06294978
945,2021-03-01 08:25:00,46998.0,47120.11,46917.04,46960.55,72.91034439
946,2021-03-01 08:26:00,46960.55,47114.33,46896.13,47110.6,11.91484183
947,2021-03-01 08:27:00,47110.6,47152.0,47042.53,47070.22,41.10956498
948,2021-03-01 08:28:00,47070.22,47107.67,47031.21,47039.96,10.03953317
949,2021-03-01 08:29:00,47039.96,47072.53,46950.13,46961.9,9.02225077
950,2021-03-01 08:30:00,46961.9,46987.28,46909.94,46909.94,5.220507
951,2021-03-01 08:31:00,46909.48,46941.68,46902.77,46912.47,10.96395064
952,2021-03-01 08:32:00,46912.47,46938.59,46900.01,46930.94,15.45437581
953,2021-03-01 08:33:00,46930.94,46989.11,46930.94,46968.25,15.00879177
954,2021-03-01 08:34:00,46968.25,46989.11,46953.9,46983.12,12.0315309
955,2021-03-01 08:35:00,46989.11,47050.83,46982.34,47050.83,15.06940844
956,2021-03-01 08:36:00,47050.83,47358.02,47041.06,47283.99,67.22118025
957,2021-03-01 08:37:00,47284.0,47308.12,47214.29,47221.56,30.46956336
958,2021-03-01 08:38:00,47231.48,47231.48,47156.63,47216.57,9.17215214
959,2021-03-01 08:39:00,47216.57,47244.83,47148.01,47168.02,16.04655201
960,2021-03-01 08:40:00,47171.32,47253.79,47171.32,47193.76,11.19916219
961,2021-03-01 08:41:00,47193.75,47244.74,47142.2,47220.43,8.74457033
962,2021-03-01 08:42:00,47222.79,47227.33,47184.26,47184.53,5.19887892
963,2021-03-01 08:43:00,47184.53,47193.96,47134.56,47189.92,13.7972667
964,2021-03-01 08:44:00,47193.96,47200.0,47160.49,47165.17,4.95060366
965,2021-03-01 08:45:00,47165.17,47194.64,47118.49,47118.49,13.84347012
966,2021-03-01 08:46:00,47118.5,47130.82,47062.46,47122.01,9.47347224
967,2021-03-01 08:47:00,47128.59,47227.51,47128.59,47227.51,29.78737769
968,2021-03-01 08:48:00,47223.91,47259.56,47218.66,47242.4,9.53022092
969,2021-03-01 08:49:00,47242.4,47247.48,47110.76,47180.88,13.94348893
970,2021-03-01 08:50:00,47167.83,47217.44,47144.72,47191.16,6.18361664
971,2021-03-01 08:51:00,47194.77,47194.81,47119.69,47181.98,9.40930538
972,2021-03-01 08:52:00,47181.23,47265.87,47152.56,47265.87,12.49931546
973,2021-03-01 08:53:00,47265.87,47272.36,47184.11,47196.72,9.34016385
974,2021-03-01 08:54:00,47196.72,47243.88,47167.87,47200.0,3.47014077
975,2021-03-01 08:55:00,47200.01,47218.6,47173.85,47177.13,3.70672982
976,2021-03-01 08:56:00,47174.01,47209.94,47171.16,47186.48,5.67106145
977,2021-03-01 08:57:00,47186.48,47213.26,47177.4,47182.17,3.8524477
978,2021-03-01 08:58:00,47182.16,47182.16,47125.67,47146.71,6.26741055
979,2021-03-01 08:59:00,47150.56,47161.71,47065.06,47079.99,24.24744693
980,2021-03-01 09:00:00,47079.98,47121.14,47076.15,47100.0,6.08910931
981,2021-03-01 09:01:00,47100.0,47148.02,47099.99,47137.48,9.39161136
982,2021-03-01 09:02:00,47133.72,47133.72,47033.15,47060.53,7.71644338
983,2021-03-01 09:03:00,47060.53,47077.86,47012.69,47062.94,27.12859757
984,2021-03-01 09:04:00,47062.94,47062.94,47014.5,47022.11,41.40795987
985,2021-03-01 09:05:00,47022.12,47137.67,47018.21,47128.86,39.22401063
986,2021-03-01 09:06:00,47120.2,47186.03,47010.36,47118.82,81.27391599
987,2021-03-01 09:07:00,47100.05,47346.26,47100.05,47343.21,65.17650404
988,2021-03-01 09:08:00,47343.22,47400.0,47328.28,47373.91,35.1152491
989,2021-03-01 09:09:00,47373.91,47444.54,47367.09,47405.22,15.92567039
990,2021-03-01 09:10:00,47402.77,47467.41,47376.75,47453.16,33.57738821
991,2021-03-01 09:11:00,47447.4,47466.0,47377.72,47397.08,14.38113549
992,2021-03-01 09:12:00,47397.08,47455.4,47387.06,47407.76,8.2275049
993,2021-03-01 09:13:00,47405.62,47413.95,47346.12,47372.24,5.64993127
994,2021-03-01 09:14:00,47372.45,47404.85,47345.47,47347.93,16.32616838
995,2021-03-01 09:15:00,47347.92,47416.03,47345.27,47409.34,11.02719273
996,2021-03-01 09:16:00,47409.08,47500.0,47407.33,47500.0,32.16004005
997,2021-03-01 09:17:00,47500.0,47500.0,47433.17,47451.46,10.03662876
998,2021-03-01 09:18:00,47451.46,47451.46,47375.01,47375.03,10.22469675
999,2021-03-01 09:19:00,47375.02,47416.68,47375.0,47384.48,6.058002
